packet_id,alert,label,tp,tn,fp,fn,windows,candidates,pruning_pct,duration_ms
0,true,FTP-Patator,1,0,0,0,236,1,99.6,3998.748
1,false,BENIGN,0,1,0,0,2030,3,99.9,17428.787
2,true,Brute-Force,1,0,0,0,3404,9,99.7,40447.259
3,false,BENIGN,0,1,0,0,5306,10,99.8,47553.656
4,true,Brute-Force,1,0,0,0,3404,5,99.9,22724.386
5,false,BENIGN,0,1,0,0,8696,20,99.8,98335.440
6,true,FTP-Patator,1,0,0,0,92,2,97.8,9226.488
7,true,XSS,1,0,0,0,3326,9,99.7,43571.848
8,false,BENIGN,0,1,0,0,7256,16,99.8,73380.566
9,false,BENIGN,0,1,0,0,1838,5,99.7,24941.116
10,false,BENIGN,0,1,0,0,2528,6,99.8,27770.561
11,false,BENIGN,0,1,0,0,2030,3,99.9,12646.271
12,false,BENIGN,0,1,0,0,1292,1,99.9,4708.694
13,false,BENIGN,0,1,0,0,3368,7,99.8,32840.126
14,true,Brute-Force,1,0,0,0,3404,7,99.8,31561.700
15,false,BENIGN,0,1,0,0,2018,2,99.9,8027.345
16,false,BENIGN,0,1,0,0,1670,1,99.9,4196.542
17,false,BENIGN,0,1,0,0,1940,2,99.9,11958.093
18,false,BENIGN,0,1,0,0,6650,10,99.8,44182.858
19,false,BENIGN,0,1,0,0,3164,7,99.8,29587.201
20,false,BENIGN,0,1,0,0,2432,4,99.8,19975.584
21,false,BENIGN,0,1,0,0,2042,4,99.8,16335.596
22,false,BENIGN,0,1,0,0,1880,2,99.9,8145.886
23,false,BENIGN,0,1,0,0,2030,3,99.9,18925.623
24,false,BENIGN,0,1,0,0,2504,6,99.8,25723.789
25,true,FTP-Patator,1,0,0,0,230,1,99.6,4612.972
26,true,FTP-Patator,1,0,0,0,188,2,98.9,9478.084
27,true,XSS,1,0,0,0,3326,8,99.8,35344.595
28,true,XSS,1,0,0,0,3326,8,99.8,40761.605
29,true,Brute-Force,1,0,0,0,3404,5,99.9,23402.227
30,false,BENIGN,0,1,0,0,1652,4,99.8,23213.324
31,true,FTP-Patator,1,0,0,0,23,1,95.7,3987.425
32,true,FTP-Patator,1,0,0,0,146,2,98.6,9650.044
33,false,BENIGN,0,1,0,0,2114,8,99.6,34053.176
34,true,XSS,1,0,0,0,3326,9,99.7,37894.871
35,true,XSS,1,0,0,0,3326,8,99.8,35335.199
36,true,XSS,1,0,0,0,3326,9,99.7,43008.717
37,true,FTP-Patator,1,0,0,0,218,1,99.5,4880.247
38,true,FTP-Patator,1,0,0,0,16,1,93.8,3927.235
39,false,BENIGN,0,1,0,0,2882,6,99.8,28836.597
40,true,FTP-Patator,1,0,0,0,236,2,99.2,8933.272
41,true,FTP-Patator,1,0,0,0,182,1,99.5,3385.860
42,false,BENIGN,0,1,0,0,2300,8,99.7,35302.265
43,true,FTP-Patator,1,0,0,0,236,2,99.2,9319.531
44,false,BENIGN,0,1,0,0,2486,5,99.8,20444.886
45,false,BENIGN,0,1,0,0,3062,5,99.8,23791.210
46,false,BENIGN,0,1,0,0,320,1,99.7,3818.755
47,false,BENIGN,0,1,0,0,3356,4,99.9,17196.550
48,true,Brute-Force,1,0,0,0,3404,7,99.8,33072.013
49,true,XSS,1,0,0,0,3326,8,99.8,39386.559
50,false,BENIGN,0,1,0,0,4490,8,99.8,36100.740
51,false,BENIGN,0,1,0,0,2738,7,99.7,31511.362
52,false,BENIGN,0,1,0,0,1886,1,99.9,6089.939
53,true,Brute-Force,1,0,0,0,3404,5,99.9,22598.148
54,false,BENIGN,0,1,0,0,2414,4,99.8,21855.960
55,false,BENIGN,0,1,0,0,2342,3,99.9,21446.755
56,true,XSS,1,0,0,0,3326,9,99.7,43960.324
57,false,BENIGN,0,1,0,0,740,3,99.6,18628.758
58,true,Brute-Force,1,0,0,0,3404,5,99.9,23611.273
59,true,FTP-Patator,1,0,0,0,188,1,99.5,4784.786
60,true,FTP-Patator,1,0,0,0,182,2,98.9,7975.894
61,true,Brute-Force,1,0,0,0,3404,7,99.8,26369.455
62,false,Brute-Force,0,0,0,1,1694,2,99.9,7985.776
63,true,Brute-Force,1,0,0,0,3404,5,99.9,22140.345
64,false,BENIGN,0,1,0,0,8540,16,99.8,71647.161
65,false,BENIGN,0,1,0,0,1808,5,99.7,23459.031
66,false,BENIGN,0,1,0,0,2546,6,99.8,25482.962
67,true,FTP-Patator,1,0,0,0,116,1,99.1,3889.966
68,false,BENIGN,0,1,0,0,2030,2,99.9,7824.933
69,false,BENIGN,0,1,0,0,2150,5,99.8,24951.143
70,true,XSS,1,0,0,0,3326,10,99.7,47068.860
71,false,BENIGN,0,1,0,0,2018,4,99.8,20076.271
72,true,Brute-Force,1,0,0,0,3404,9,99.7,45990.595
73,false,BENIGN,0,1,0,0,30014,66,99.8,45448.948
74,true,Brute-Force,1,0,0,0,3404,6,99.8,28601.261
75,true,Brute-Force,1,0,0,0,3404,8,99.8,38583.394
76,true,XSS,1,0,0,0,3326,9,99.7,49688.149
77,true,Brute-Force,1,0,0,0,3404,5,99.9,23511.291
78,false,BENIGN,0,1,0,0,2030,2,99.9,7904.583
79,false,BENIGN,0,1,0,0,2390,4,99.8,18688.608
80,true,FTP-Patator,1,0,0,0,230,1,99.6,5372.880
81,false,BENIGN,0,1,0,0,3320,3,99.9,13676.550
82,true,FTP-Patator,1,0,0,0,182,1,99.5,4172.439
83,false,BENIGN,0,1,0,0,2030,4,99.8,20524.704
84,true,FTP-Patator,1,0,0,0,194,1,99.5,4100.496
85,false,BENIGN,0,1,0,0,17456,30,99.8,146617.049
86,false,BENIGN,0,1,0,0,2018,2,99.9,9228.063
87,true,FTP-Patator,1,0,0,0,182,1,99.5,3948.902
88,true,XSS,1,0,0,0,3326,8,99.8,37867.468
89,true,XSS,1,0,0,0,3326,8,99.8,35964.277
90,true,Brute-Force,1,0,0,0,3404,6,99.8,26557.996
91,true,Brute-Force,1,0,0,0,3404,7,99.8,28945.642
92,false,BENIGN,0,1,0,0,4292,9,99.8,38165.287
93,true,FTP-Patator,1,0,0,0,200,1,99.5,4685.430
94,true,XSS,1,0,0,0,3326,8,99.8,39687.187
95,true,Brute-Force,1,0,0,0,3404,5,99.9,20102.535
96,true,XSS,1,0,0,0,3326,8,99.8,33316.790
97,false,BENIGN,0,1,0,0,2030,2,99.9,6048.526
98,false,BENIGN,0,1,0,0,4448,14,99.7,56230.513
99,true,FTP-Patator,1,0,0,0,212,2,99.1,8000.527
100,false,BENIGN,0,1,0,0,2258,6,99.7,28206.800
101,false,BENIGN,0,1,0,0,3806,9,99.8,31510.413
102,true,Brute-Force,1,0,0,0,3404,6,99.8,27798.712
103,true,FTP-Patator,1,0,0,0,248,1,99.6,4588.373
104,false,BENIGN,0,1,0,0,2546,6,99.8,24738.494
105,true,Brute-Force,1,0,0,0,3404,6,99.8,31912.913
106,true,FTP-Patator,1,0,0,0,182,2,98.9,7720.266
107,false,BENIGN,0,1,0,0,1568,2,99.9,8230.960
108,false,BENIGN,0,1,0,0,1898,5,99.7,22955.039
109,false,BENIGN,0,1,0,0,4652,5,99.9,21231.853
110,true,Brute-Force,1,0,0,0,3404,7,99.8,31914.978
111,true,Brute-Force,1,0,0,0,3404,7,99.8,35985.798
112,false,BENIGN,0,1,0,0,1418,2,99.9,8078.768
113,false,BENIGN,0,1,0,0,1700,6,99.6,24874.698
114,true,FTP-Patator,1,0,0,0,200,2,99.0,9252.357
115,false,BENIGN,0,1,0,0,1586,1,99.9,4008.159
116,false,BENIGN,0,1,0,0,34820,71,99.8,41760.969
117,false,BENIGN,0,1,0,0,2030,2,99.9,7531.864
118,true,Brute-Force,1,0,0,0,3404,5,99.9,23092.307
119,true,Brute-Force,1,0,0,0,3404,6,99.8,29141.768
120,false,BENIGN,0,1,0,0,2996,8,99.7,42524.988
121,false,BENIGN,0,1,0,0,2030,2,99.9,22137.768
122,true,FTP-Patator,1,0,0,0,242,1,99.6,4742.184
123,false,BENIGN,0,1,0,0,3884,11,99.7,50871.990
124,true,FTP-Patator,1,0,0,0,182,1,99.5,3618.003
125,true,Brute-Force,1,0,0,0,3404,5,99.9,22422.643
126,true,FTP-Patator,1,0,0,0,170,1,99.4,4590.771
127,true,XSS,1,0,0,0,3326,8,99.8,37107.831
128,false,Brute-Force,0,0,0,1,1964,1,99.9,5547.678
129,false,BENIGN,0,1,0,0,1862,3,99.8,14937.177
130,true,XSS,1,0,0,0,3326,10,99.7,51311.475
131,false,BENIGN,0,1,0,0,8624,17,99.8,78519.171
132,false,Brute-Force,0,0,0,1,2006,0,100.0,65.926
133,false,BENIGN,0,1,0,0,1982,2,99.9,8388.539
134,true,FTP-Patator,1,0,0,0,182,1,99.5,3570.419
135,false,BENIGN,0,1,0,0,2342,6,99.7,24837.467
136,false,BENIGN,0,1,0,0,1922,5,99.7,18138.125
137,false,BENIGN,0,1,0,0,2402,4,99.8,18224.718
138,true,Brute-Force,1,0,0,0,3404,5,99.9,23395.045
139,false,BENIGN,0,1,0,0,3170,9,99.7,48239.624
140,false,BENIGN,0,1,0,0,2942,7,99.8,31591.799
141,false,BENIGN,0,1,0,0,3008,7,99.8,32650.803
142,true,XSS,1,0,0,0,3326,8,99.8,37775.508
143,true,Brute-Force,1,0,0,0,3404,6,99.8,26175.995
144,false,BENIGN,0,1,0,0,3734,8,99.8,37547.472
145,true,Brute-Force,1,0,0,0,3404,6,99.8,25540.995
146,true,XSS,1,0,0,0,3326,8,99.8,38309.838
147,false,BENIGN,0,1,0,0,34976,137,99.6,87976.604
148,false,BENIGN,0,1,0,0,4082,9,99.8,43545.281
149,true,FTP-Patator,1,0,0,0,182,1,99.5,3246.707
150,false,BENIGN,0,1,0,0,2390,6,99.7,29229.307
151,true,XSS,1,0,0,0,3326,9,99.7,41629.258
152,false,BENIGN,0,1,0,0,3356,4,99.9,15512.835
153,true,XSS,1,0,0,0,3326,8,99.8,38000.691
154,true,Brute-Force,1,0,0,0,3404,7,99.8,32836.940
155,true,FTP-Patator,1,0,0,0,158,1,99.4,4434.396
156,true,Brute-Force,1,0,0,0,3404,5,99.9,23223.611
157,true,FTP-Patator,1,0,0,0,230,2,99.1,9252.000
158,false,BENIGN,0,1,0,0,2030,3,99.9,14529.529
159,false,BENIGN,0,1,0,0,2030,2,99.9,7518.818
160,false,BENIGN,0,1,0,0,8624,17,99.8,78204.123
161,false,BENIGN,0,1,0,0,4094,9,99.8,39523.639
162,false,BENIGN,0,1,0,0,2156,3,99.9,12799.108
163,false,BENIGN,0,1,0,0,2540,5,99.8,15761.177
164,false,BENIGN,0,1,0,0,4094,9,99.8,37707.801
165,false,BENIGN,0,1,0,0,2594,5,99.8,20778.981
166,true,Brute-Force,1,0,0,0,3404,6,99.8,24508.960
167,false,BENIGN,0,1,0,0,2444,4,99.8,16072.183
168,true,FTP-Patator,1,0,0,0,206,1,99.5,4261.289
169,true,Brute-Force,1,0,0,0,3404,6,99.8,25723.632
170,false,BENIGN,0,1,0,0,2030,2,99.9,5785.835
171,true,Brute-Force,1,0,0,0,3404,5,99.9,20388.295
172,false,BENIGN,0,1,0,0,2600,5,99.8,23893.605
173,false,BENIGN,0,1,0,0,4436,6,99.9,25207.684
174,true,XSS,1,0,0,0,3326,11,99.7,53366.656
175,true,Brute-Force,1,0,0,0,3404,7,99.8,33082.995
176,true,Brute-Force,1,0,0,0,3404,6,99.8,26176.370
177,false,BENIGN,0,1,0,0,2030,3,99.9,13714.180
178,true,FTP-Patator,1,0,0,0,242,2,99.2,9697.426
179,true,FTP-Patator,1,0,0,0,200,2,99.0,10216.066
180,true,XSS,1,0,0,0,3326,9,99.7,43891.971
181,true,FTP-Patator,1,0,0,0,200,1,99.5,4274.473
182,true,Brute-Force,1,0,0,0,3404,6,99.8,26898.297
183,true,Brute-Force,1,0,0,0,3404,6,99.8,31571.818
184,true,XSS,1,0,0,0,3326,10,99.7,47034.159
185,false,BENIGN,0,1,0,0,34976,83,99.8,48672.319
186,false,BENIGN,0,1,0,0,2030,3,99.9,14219.494
187,false,BENIGN,0,1,0,0,1352,0,100.0,52.411
188,true,XSS,1,0,0,0,3326,12,99.6,84168.968
189,true,Brute-Force,1,0,0,0,3404,7,99.8,31179.269
190,false,BENIGN,0,1,0,0,2402,4,99.8,18294.549
191,false,BENIGN,0,1,0,0,2960,5,99.8,23713.156
192,false,BENIGN,0,1,0,0,3854,3,99.9,13571.191
193,true,Brute-Force,1,0,0,0,3404,5,99.9,23781.585
194,true,FTP-Patator,1,0,0,0,182,1,99.5,4055.180
195,false,BENIGN,0,1,0,0,968,2,99.8,8906.641
196,false,BENIGN,0,1,0,0,1796,1,99.9,4068.730
197,true,Brute-Force,1,0,0,0,3404,6,99.8,27438.743
198,false,BENIGN,0,1,0,0,2030,3,99.9,13967.045
199,true,Brute-Force,1,0,0,0,3404,6,99.8,27089.380
200,true,FTP-Patator,1,0,0,0,236,2,99.2,8245.948
201,false,BENIGN,0,1,0,0,1982,2,99.9,7967.223
202,false,BENIGN,0,1,0,0,2030,4,99.8,17206.584
203,true,Brute-Force,1,0,0,0,3404,6,99.8,24724.775
204,true,Brute-Force,1,0,0,0,3404,9,99.7,37765.620
205,true,XSS,1,0,0,0,3326,8,99.8,35592.332
206,true,FTP-Patator,1,0,0,0,182,4,97.8,20461.950
207,false,BENIGN,0,1,0,0,20450,58,99.7,34355.339
208,false,BENIGN,0,1,0,0,2558,8,99.7,36282.352
209,false,BENIGN,0,1,0,0,3890,9,99.8,38660.807
210,false,BENIGN,0,1,0,0,1922,5,99.7,20187.575
211,true,XSS,1,0,0,0,3326,9,99.7,40012.553
212,true,Brute-Force,1,0,0,0,3404,6,99.8,25840.582
213,false,BENIGN,0,1,0,0,1658,4,99.8,24162.017
214,true,FTP-Patator,1,0,0,0,218,1,99.5,4139.671
215,false,BENIGN,0,1,0,0,3224,9,99.7,49237.250
216,true,XSS,1,0,0,0,3326,9,99.7,44846.046
217,false,BENIGN,0,1,0,0,2018,3,99.9,15656.363
218,true,Brute-Force,1,0,0,0,3404,6,99.8,31331.785
219,false,BENIGN,0,1,0,0,2732,6,99.8,30109.472
220,true,Brute-Force,1,0,0,0,3404,6,99.8,29031.312
221,true,XSS,1,0,0,0,3326,9,99.7,42893.610
222,false,BENIGN,0,1,0,0,4442,9,99.8,42694.679
223,false,BENIGN,0,1,0,0,2030,3,99.9,14097.467
224,false,BENIGN,0,1,0,0,3356,4,99.9,17026.719
225,true,FTP-Patator,1,0,0,0,182,1,99.5,3889.680
226,false,BENIGN,0,1,0,0,2150,6,99.7,30023.452
227,false,BENIGN,0,1,0,0,1280,4,99.7,16780.625
228,true,FTP-Patator,1,0,0,0,230,1,99.6,4371.639
229,false,XSS,0,0,0,1,1694,2,99.9,8155.114
230,false,BENIGN,0,1,0,0,1922,4,99.8,17341.045
231,true,Brute-Force,1,0,0,0,3404,5,99.9,22907.887
232,false,BENIGN,0,1,0,0,2666,6,99.8,30873.871
233,false,BENIGN,0,1,0,0,2180,6,99.7,25498.315
234,true,XSS,1,0,0,0,3326,8,99.8,40666.105
235,false,BENIGN,0,1,0,0,4136,8,99.8,35657.883
236,true,FTP-Patator,1,0,0,0,206,1,99.5,4825.800
237,true,XSS,1,0,0,0,3326,9,99.7,44602.824
238,true,Brute-Force,1,0,0,0,3404,5,99.9,24472.519
239,true,FTP-Patator,1,0,0,0,248,1,99.6,4827.395
240,false,BENIGN,0,1,0,0,8696,18,99.8,345948.753
241,true,Brute-Force,1,0,0,0,3404,5,99.9,21180.638
242,false,BENIGN,0,1,0,0,2456,5,99.8,29145.262
243,false,BENIGN,0,1,0,0,2576,5,99.8,29078.444
244,true,XSS,1,0,0,0,3326,8,99.8,38334.365
245,true,FTP-Patator,1,0,0,0,206,2,99.0,9838.619
246,false,BENIGN,0,1,0,0,2432,5,99.8,21933.726
247,true,Brute-Force,1,0,0,0,3404,5,99.9,23460.801
248,false,BENIGN,0,1,0,0,1532,3,99.8,13786.214
249,true,XSS,1,0,0,0,3326,8,99.8,37225.479
250,false,BENIGN,0,1,0,0,17966,42,99.8,36765.254
251,true,Brute-Force,1,0,0,0,3404,6,99.8,22969.369
252,false,BENIGN,0,1,0,0,2330,5,99.8,25479.356
253,true,XSS,1,0,0,0,3326,10,99.7,53079.421
254,true,XSS,1,0,0,0,3326,10,99.7,52639.333
255,false,BENIGN,0,1,0,0,3416,8,99.8,40590.326
256,true,XSS,1,0,0,0,3326,9,99.7,49068.404
257,true,Brute-Force,1,0,0,0,3404,6,99.8,24522.386
258,false,BENIGN,0,1,0,0,2558,4,99.8,18624.473
259,false,BENIGN,0,1,0,0,2576,4,99.8,22072.376
260,true,FTP-Patator,1,0,0,0,182,1,99.5,4718.656
261,true,Brute-Force,1,0,0,0,3404,6,99.8,31626.658
262,false,BENIGN,0,1,0,0,2450,4,99.8,21836.201
263,true,Brute-Force,1,0,0,0,3404,6,99.8,31703.124
264,false,BENIGN,0,1,0,0,14264,34,99.8,185772.634
265,false,BENIGN,0,1,0,0,2318,3,99.9,14427.721
266,true,XSS,1,0,0,0,3326,10,99.7,49782.938
267,true,FTP-Patator,1,0,0,0,224,1,99.6,4974.899
268,false,BENIGN,0,1,0,0,1172,4,99.7,26521.622
269,true,FTP-Patator,1,0,0,0,218,1,99.5,5477.947
270,true,FTP-Patator,1,0,0,0,218,1,99.5,5320.776
271,false,BENIGN,0,1,0,0,2210,8,99.6,43858.726
272,false,BENIGN,0,1,0,0,4292,4,99.9,20413.175
273,false,BENIGN,0,1,0,0,3950,4,99.9,21162.967
274,true,XSS,1,0,0,0,3326,9,99.7,45785.809
275,false,BENIGN,0,1,0,0,2486,5,99.8,39221.373
276,false,BENIGN,0,1,0,0,2474,6,99.8,26960.970
277,true,Brute-Force,1,0,0,0,3404,7,99.8,34648.444
278,true,XSS,1,0,0,0,3326,10,99.7,45874.429
279,false,BENIGN,0,1,0,0,84872,240,99.7,174815.553
280,false,BENIGN,0,1,0,0,2564,5,99.8,23956.228
281,true,XSS,1,0,0,0,3326,8,99.8,38008.747
282,true,FTP-Patator,1,0,0,0,200,1,99.5,4085.580
283,false,BENIGN,0,1,0,0,1634,4,99.8,20456.350
284,true,FTP-Patator,1,0,0,0,206,1,99.5,4609.473
285,true,XSS,1,0,0,0,3326,8,99.8,34991.301
286,true,XSS,1,0,0,0,3326,8,99.8,36173.636
287,false,BENIGN,0,1,0,0,1910,3,99.8,12582.987
288,false,BENIGN,0,1,0,0,2030,2,99.9,7582.671
289,false,BENIGN,0,1,0,0,1832,7,99.6,30057.854
290,false,BENIGN,0,1,0,0,11942,24,99.8,109428.717
291,true,XSS,1,0,0,0,3326,8,99.8,35795.511
292,false,BENIGN,0,1,0,0,2018,3,99.9,13039.926
293,true,FTP-Patator,1,0,0,0,236,2,99.2,9406.003
294,true,Brute-Force,1,0,0,0,3404,6,99.8,27739.384
295,true,FTP-Patator,1,0,0,0,242,2,99.2,9213.603
296,false,BENIGN,0,1,0,0,2030,4,99.8,18459.389
297,false,BENIGN,0,1,0,0,12554,25,99.8,114917.220
298,true,FTP-Patator,1,0,0,0,224,2,99.1,8079.258
299,true,XSS,1,0,0,0,3326,8,99.8,34293.006
300,true,FTP-Patator,1,0,0,0,116,1,99.1,3697.179
301,false,BENIGN,0,1,0,0,2060,6,99.7,29591.632
302,false,BENIGN,0,1,0,0,3506,8,99.8,34405.086
303,false,BENIGN,0,1,0,0,2546,6,99.8,25266.752
304,true,Brute-Force,1,0,0,0,3404,9,99.7,35187.230
305,true,Brute-Force,1,0,0,0,3404,5,99.9,20921.217
306,true,XSS,1,0,0,0,3326,10,99.7,42647.961
307,false,BENIGN,0,1,0,0,2030,4,99.8,18895.519
308,false,BENIGN,0,1,0,0,2570,6,99.8,28843.084
309,false,BENIGN,0,1,0,0,1796,1,99.9,4083.529
310,true,FTP-Patator,1,0,0,0,224,2,99.1,9296.642
311,false,BENIGN,0,1,0,0,1934,4,99.8,16520.529
312,false,BENIGN,0,1,0,0,1238,5,99.6,24343.197
313,false,Brute-Force,0,0,0,1,2264,2,99.9,8788.379
314,false,BENIGN,0,1,0,0,1244,5,99.6,25450.453
315,false,BENIGN,0,1,0,0,3302,6,99.8,27577.518
316,false,BENIGN,0,1,0,0,2552,7,99.7,28139.156
317,true,XSS,1,0,0,0,3326,9,99.7,42645.749
318,false,BENIGN,0,1,0,0,5378,2,100.0,7783.537
319,false,BENIGN,0,1,0,0,3278,5,99.8,23044.362
320,false,BENIGN,0,1,0,0,1832,5,99.7,24147.651
321,false,BENIGN,0,1,0,0,1346,3,99.8,11859.918
322,false,BENIGN,0,1,0,0,3722,9,99.8,42993.260
323,false,BENIGN,0,1,0,0,2030,4,99.8,19904.109
324,true,FTP-Patator,1,0,0,0,224,1,99.6,5095.751
325,false,BENIGN,0,1,0,0,2018,3,99.9,14625.121
326,true,Brute-Force,1,0,0,0,3404,5,99.9,22901.519
327,false,BENIGN,0,1,0,0,2354,4,99.8,17691.335
328,false,BENIGN,0,1,0,0,3098,9,99.7,38821.975
329,true,FTP-Patator,1,0,0,0,182,1,99.5,3485.262
330,false,BENIGN,0,1,0,0,5948,14,99.8,55904.129
331,false,BENIGN,0,1,0,0,1412,2,99.9,8640.408
332,false,BENIGN,0,1,0,0,2072,5,99.8,24734.715
333,false,BENIGN,0,1,0,0,2030,2,99.9,11604.172
334,true,FTP-Patator,1,0,0,0,182,1,99.5,4125.960
335,true,FTP-Patator,1,0,0,0,242,1,99.6,4296.976
336,true,XSS,1,0,0,0,3326,8,99.8,36357.192
337,false,BENIGN,0,1,0,0,2498,4,99.8,20091.796
338,false,BENIGN,0,1,0,0,2546,6,99.8,27183.173
339,false,Brute-Force,0,0,0,1,1964,1,99.9,4004.375
340,false,BENIGN,0,1,0,0,1976,1,99.9,4622.227
341,true,FTP-Patator,1,0,0,0,230,1,99.6,4352.294
342,false,BENIGN,0,1,0,0,2030,3,99.9,13781.038
343,false,BENIGN,0,1,0,0,1706,2,99.9,11408.165
344,true,Brute-Force,1,0,0,0,3404,7,99.8,33324.230
345,false,BENIGN,0,1,0,0,2030,2,99.9,7800.645
346,true,Brute-Force,1,0,0,0,3404,6,99.8,26078.873
347,false,BENIGN,0,1,0,0,34904,73,99.8,53620.471
348,true,Brute-Force,1,0,0,0,3404,7,99.8,35560.426
349,false,BENIGN,0,1,0,0,2030,2,99.9,6863.600
350,true,FTP-Patator,1,0,0,0,236,1,99.6,4622.404
351,true,XSS,1,0,0,0,3326,8,99.8,37483.110
352,true,FTP-Patator,1,0,0,0,182,2,98.9,7365.649
353,false,BENIGN,0,1,0,0,3452,10,99.7,40298.186
354,true,Brute-Force,1,0,0,0,3404,8,99.8,31908.303
355,true,XSS,1,0,0,0,3326,8,99.8,31737.038
356,true,Brute-Force,1,0,0,0,3404,7,99.8,30306.747
357,false,BENIGN,0,1,0,0,2594,5,99.8,23320.876
358,true,Brute-Force,1,0,0,0,3404,6,99.8,24453.690
359,false,BENIGN,0,1,0,0,3746,8,99.8,29752.879
360,true,Brute-Force,1,0,0,0,3404,9,99.7,35585.613
361,false,BENIGN,0,1,0,0,2384,4,99.8,21112.859
362,true,Brute-Force,1,0,0,0,3404,6,99.8,26221.875
363,false,BENIGN,0,1,0,0,2018,3,99.9,13494.308
364,false,BENIGN,0,1,0,0,1706,4,99.8,17953.945
365,false,BENIGN,0,1,0,0,4286,2,100.0,8167.034
366,true,XSS,1,0,0,0,3326,8,99.8,36044.675
367,false,BENIGN,0,1,0,0,1628,5,99.7,28087.640
368,false,BENIGN,0,1,0,0,1694,2,99.9,8134.143
369,true,XSS,1,0,0,0,3326,8,99.8,37591.766
370,true,XSS,1,0,0,0,3326,8,99.8,41878.138
371,false,BENIGN,0,1,0,0,2132,5,99.8,32286.558
372,false,BENIGN,0,1,0,0,3548,6,99.8,33533.548
373,false,BENIGN,0,1,0,0,1796,1,99.9,4877.246
374,true,Brute-Force,1,0,0,0,3404,6,99.8,27411.537
375,false,BENIGN,0,1,0,0,3752,8,99.8,33879.347
376,false,BENIGN,0,1,0,0,34820,73,99.8,55532.326
377,true,XSS,1,0,0,0,3326,8,99.8,34334.996
378,true,Brute-Force,1,0,0,0,3404,10,99.7,54021.747
379,false,BENIGN,0,1,0,0,20654,39,99.8,34939.369
380,false,BENIGN,0,1,0,0,2030,3,99.9,13697.645
381,false,BENIGN,0,1,0,0,4172,11,99.7,52980.342
382,true,Brute-Force,1,0,0,0,3404,5,99.9,19271.131
383,false,BENIGN,0,1,0,0,1772,2,99.9,6969.056
384,true,XSS,1,0,0,0,3326,8,99.8,36627.753
385,false,BENIGN,0,1,0,0,3296,14,99.6,68384.372
386,false,XSS,0,0,0,1,1880,1,99.9,3776.022
387,false,BENIGN,0,1,0,0,2432,11,99.5,47611.446
388,false,BENIGN,0,1,0,0,3650,4,99.9,18176.446
389,false,BENIGN,0,1,0,0,7160,9,99.9,45239.072
390,false,BENIGN,0,1,0,0,2912,5,99.8,28127.824
391,true,FTP-Patator,1,0,0,0,218,2,99.1,9657.448
392,true,FTP-Patator,1,0,0,0,188,1,99.5,8097.217
393,false,BENIGN,0,1,0,0,2516,6,99.8,30978.182
394,true,XSS,1,0,0,0,3326,8,99.8,40207.288
395,false,BENIGN,0,1,0,0,2018,2,99.9,9505.516
396,false,BENIGN,0,1,0,0,3092,7,99.8,31697.802
397,false,BENIGN,0,1,0,0,1766,5,99.7,18932.602
398,false,FTP-Patator,0,0,0,1,0,0,100.0,0.019
399,true,XSS,1,0,0,0,3326,8,99.8,37394.226
400,false,BENIGN,0,1,0,0,2588,5,99.8,26251.959
401,false,BENIGN,0,1,0,0,4664,16,99.7,78189.337
402,false,BENIGN,0,1,0,0,938,4,99.6,19846.741
403,true,XSS,1,0,0,0,3326,8,99.8,33769.082
404,false,BENIGN,0,1,0,0,2618,5,99.8,23618.609
405,false,BENIGN,0,1,0,0,2180,4,99.8,21907.983
406,false,BENIGN,0,1,0,0,2018,3,99.9,11644.801
407,true,FTP-Patator,1,0,0,0,230,1,99.6,4618.912
408,false,BENIGN,0,1,0,0,1844,5,99.7,23514.368
409,false,BENIGN,0,1,0,0,2030,5,99.8,23938.874
410,false,BENIGN,0,1,0,0,4700,8,99.8,39178.651
411,true,FTP-Patator,1,0,0,0,92,1,98.9,4535.644
412,true,Brute-Force,1,0,0,0,3404,5,99.9,22253.179
413,false,BENIGN,0,1,0,0,2996,9,99.7,47818.822
414,true,Brute-Force,1,0,0,0,3404,7,99.8,34368.492
415,false,BENIGN,0,1,0,0,2858,4,99.9,16781.053
416,false,BENIGN,0,1,0,0,1850,4,99.8,18946.915
417,false,BENIGN,0,1,0,0,17384,40,99.8,183948.153
418,false,BENIGN,0,1,0,0,1814,5,99.7,25805.153
419,true,Brute-Force,1,0,0,0,3404,8,99.8,37387.869
420,false,BENIGN,0,1,0,0,2018,3,99.9,13770.910
421,true,FTP-Patator,1,0,0,0,218,1,99.5,4529.757
422,false,BENIGN,0,1,0,0,3068,8,99.7,35729.931
423,true,FTP-Patator,1,0,0,0,182,1,99.5,3469.699
424,true,XSS,1,0,0,0,3326,8,99.8,33971.124
425,false,BENIGN,0,1,0,0,3266,6,99.8,29858.487
426,true,Brute-Force,1,0,0,0,3404,6,99.8,22768.214
427,true,XSS,1,0,0,0,3326,9,99.7,36548.814
428,false,BENIGN,0,1,0,0,1442,5,99.7,18719.509
429,false,BENIGN,0,1,0,0,8144,22,99.7,104978.766
430,true,FTP-Patator,1,0,0,0,218,2,99.1,9123.340
431,false,BENIGN,0,1,0,0,1820,1,99.9,5997.606
432,false,BENIGN,0,1,0,0,2534,6,99.8,29317.740
433,true,FTP-Patator,1,0,0,0,230,1,99.6,4401.983
434,true,FTP-Patator,1,0,0,0,182,2,98.9,8913.556
435,false,BENIGN,0,1,0,0,2648,9,99.7,41250.135
436,false,BENIGN,0,1,0,0,1358,2,99.9,9267.326
437,true,XSS,1,0,0,0,3326,10,99.7,46138.041
438,true,FTP-Patator,1,0,0,0,182,1,99.5,3753.310
439,true,FTP-Patator,1,0,0,0,182,1,99.5,3844.057
440,true,Brute-Force,1,0,0,0,3404,9,99.7,43913.440
441,false,BENIGN,0,1,0,0,5948,13,99.8,71119.450
442,false,BENIGN,0,1,0,0,4928,12,99.8,55876.391
443,true,XSS,1,0,0,0,3326,9,99.7,39589.002
444,true,Brute-Force,1,0,0,0,3404,5,99.9,20365.997
445,true,XSS,1,0,0,0,3326,9,99.7,43355.734
446,false,BENIGN,0,1,0,0,3542,4,99.9,19221.346
447,true,FTP-Patator,1,0,0,0,182,3,98.4,12198.338
448,false,BENIGN,0,1,0,0,3380,3,99.9,13266.956
449,false,BENIGN,0,1,0,0,4256,4,99.9,18931.596
450,true,Brute-Force,1,0,0,0,3404,5,99.9,22997.869
451,false,BENIGN,0,1,0,0,2630,7,99.7,45212.303
452,true,XSS,1,0,0,0,3326,9,99.7,41854.894
453,true,Brute-Force,1,0,0,0,3404,6,99.8,25128.813
454,false,BENIGN,0,1,0,0,2558,6,99.8,25484.128
455,true,FTP-Patator,1,0,0,0,158,2,98.7,7809.532
456,false,BENIGN,0,1,0,0,13070,25,99.8,109113.694
457,false,BENIGN,0,1,0,0,22328,40,99.8,38674.675
458,true,XSS,1,0,0,0,3326,10,99.7,45484.037
459,true,Brute-Force,1,0,0,0,3404,9,99.7,43414.649
460,true,XSS,1,0,0,0,3326,9,99.7,40511.999
461,true,XSS,1,0,0,0,3326,8,99.8,35226.380
462,true,FTP-Patator,1,0,0,0,224,1,99.6,3973.073
463,false,BENIGN,0,1,0,0,7130,15,99.8,68461.084
464,false,BENIGN,0,1,0,0,4820,9,99.8,46824.244
465,true,FTP-Patator,1,0,0,0,236,1,99.6,5100.182
466,false,BENIGN,0,1,0,0,2570,5,99.8,24299.995
467,false,BENIGN,0,1,0,0,2504,4,99.8,19569.382
468,false,BENIGN,0,1,0,0,2030,2,99.9,7686.054
469,false,BENIGN,0,1,0,0,2564,7,99.7,33814.921
470,true,Brute-Force,1,0,0,0,3404,5,99.9,23543.207
471,true,FTP-Patator,1,0,0,0,230,2,99.1,9387.590
472,true,Brute-Force,1,0,0,0,3404,5,99.9,22853.013
473,true,FTP-Patator,1,0,0,0,218,1,99.5,4677.832
474,false,BENIGN,0,1,0,0,2600,5,99.8,24642.325
475,true,XSS,1,0,0,0,3326,11,99.7,50737.182
476,true,Brute-Force,1,0,0,0,3404,9,99.7,41694.503
477,true,FTP-Patator,1,0,0,0,182,1,99.5,3458.524
478,true,FTP-Patator,1,0,0,0,224,2,99.1,8765.136
479,false,BENIGN,0,1,0,0,2534,5,99.8,21137.560
480,false,BENIGN,0,1,0,0,6260,14,99.8,71565.916
481,true,Brute-Force,1,0,0,0,3404,5,99.9,24368.280
482,true,XSS,1,0,0,0,3326,8,99.8,46533.516
483,false,BENIGN,0,1,0,0,3416,3,99.9,23954.717
484,true,FTP-Patator,1,0,0,0,182,1,99.5,4245.312
485,true,Brute-Force,1,0,0,0,3404,5,99.9,24919.605
486,true,XSS,1,0,0,0,3326,9,99.7,51345.259
487,false,BENIGN,0,1,0,0,1922,4,99.8,22071.540
488,false,BENIGN,0,1,0,0,2198,4,99.8,19602.072
489,false,BENIGN,0,1,0,0,2372,5,99.8,28506.065
490,true,XSS,1,0,0,0,3326,8,99.8,38897.848
491,false,BENIGN,0,1,0,0,1670,4,99.8,36089.012
492,true,Brute-Force,1,0,0,0,3404,7,99.8,30820.170
493,false,BENIGN,0,1,0,0,2750,8,99.7,38344.859
494,false,BENIGN,0,1,0,0,3392,6,99.8,32578.535
495,false,BENIGN,0,1,0,0,1784,4,99.8,19847.892
496,true,Brute-Force,1,0,0,0,3404,5,99.9,25517.993
497,false,BENIGN,0,1,0,0,6620,14,99.8,60382.423
498,true,XSS,1,0,0,0,3326,8,99.8,35220.465
499,true,FTP-Patator,1,0,0,0,200,1,99.5,4570.843
500,true,Brute-Force,1,0,0,0,3404,5,99.9,24084.148
501,false,BENIGN,0,1,0,0,2558,5,99.8,34092.258
502,false,BENIGN,0,1,0,0,4556,15,99.7,83430.507
503,true,Brute-Force,1,0,0,0,3404,6,99.8,31729.952
504,false,BENIGN,0,1,0,0,2546,6,99.8,32582.130
505,false,BENIGN,0,1,0,0,2018,3,99.9,16139.151
506,false,BENIGN,0,1,0,0,1598,4,99.7,23589.251
507,true,FTP-Patator,1,0,0,0,182,2,98.9,8260.752
508,true,XSS,1,0,0,0,3326,10,99.7,50107.511
509,false,BENIGN,0,1,0,0,2030,3,99.9,13309.890
510,false,BENIGN,0,1,0,0,2546,5,99.8,25327.540
511,false,BENIGN,0,1,0,0,3200,5,99.8,28401.684
512,false,BENIGN,0,1,0,0,2030,3,99.9,16271.109
513,false,BENIGN,0,1,0,0,3512,4,99.9,21465.115
514,false,BENIGN,0,1,0,0,6386,13,99.8,65080.866
515,true,FTP-Patator,1,0,0,0,248,1,99.6,4795.129
516,false,BENIGN,0,1,0,0,2030,3,99.9,13982.413
517,false,BENIGN,0,1,0,0,5048,11,99.8,56120.066
518,false,BENIGN,0,1,0,0,6182,11,99.8,51160.420
519,false,BENIGN,0,1,0,0,1724,3,99.8,16373.987
520,false,BENIGN,0,1,0,0,1700,3,99.8,15382.178
521,true,XSS,1,0,0,0,3326,8,99.8,38137.251
522,false,BENIGN,0,1,0,0,2750,5,99.8,20408.779
523,true,XSS,1,0,0,0,3326,8,99.8,37390.954
524,false,XSS,0,0,0,1,1694,3,99.8,12785.256
525,true,XSS,1,0,0,0,3326,8,99.8,40858.710
526,false,BENIGN,0,1,0,0,5330,15,99.7,70705.877
527,true,FTP-Patator,1,0,0,0,158,1,99.4,4398.913
528,true,XSS,1,0,0,0,3326,9,99.7,38720.816
529,true,Brute-Force,1,0,0,0,3404,6,99.8,24341.579
530,false,BENIGN,0,1,0,0,16364,36,99.8,220080.929
531,false,BENIGN,0,1,0,0,17276,35,99.8,182017.842
532,false,XSS,0,0,0,1,2294,2,99.9,9233.736
533,false,BENIGN,0,1,0,0,18890,28,99.9,28993.715
534,false,BENIGN,0,1,0,0,1838,8,99.6,43128.496
535,true,XSS,1,0,0,0,3326,8,99.8,40340.809
536,false,BENIGN,0,1,0,0,1922,5,99.7,22204.015
537,true,XSS,1,0,0,0,3326,9,99.7,44898.038
538,true,XSS,1,0,0,0,3326,8,99.8,40468.383
539,true,FTP-Patator,1,0,0,0,236,1,99.6,4871.988
540,false,BENIGN,0,1,0,0,2756,3,99.9,15117.873
541,false,BENIGN,0,1,0,0,2876,6,99.8,31567.717
542,true,XSS,1,0,0,0,3326,10,99.7,49733.417
543,false,BENIGN,0,1,0,0,2030,3,99.9,13856.103
544,true,FTP-Patator,1,0,0,0,254,1,99.6,4414.040
545,false,BENIGN,0,1,0,0,2900,6,99.8,29897.021
546,false,BENIGN,0,1,0,0,5744,7,99.9,36153.031
547,true,FTP-Patator,1,0,0,0,194,1,99.5,4964.307
548,false,BENIGN,0,1,0,0,3782,8,99.8,34059.793
549,true,Brute-Force,1,0,0,0,3404,6,99.8,29849.096
550,true,Brute-Force,1,0,0,0,3404,8,99.8,37570.583
551,false,BENIGN,0,1,0,0,3308,6,99.8,25854.869
552,false,BENIGN,0,1,0,0,3194,6,99.8,22462.307
553,false,BENIGN,0,1,0,0,2486,6,99.8,29951.448
554,true,FTP-Patator,1,0,0,0,206,1,99.5,4264.983
555,true,FTP-Patator,1,0,0,0,182,1,99.5,3778.094
556,false,BENIGN,0,1,0,0,2030,3,99.9,13178.521
557,false,BENIGN,0,1,0,0,1820,5,99.7,24304.236
558,false,BENIGN,0,1,0,0,4088,3,99.9,13667.259
559,false,BENIGN,0,1,0,0,1628,3,99.8,24247.344
560,true,Brute-Force,1,0,0,0,3404,6,99.8,26817.241
561,false,BENIGN,0,1,0,0,2030,3,99.9,15218.762
562,false,BENIGN,0,1,0,0,2030,3,99.9,12648.104
563,false,BENIGN,0,1,0,0,1850,4,99.8,17191.193
564,true,Brute-Force,1,0,0,0,3404,7,99.8,32784.562
565,true,Brute-Force,1,0,0,0,3404,6,99.8,27465.281
566,true,Brute-Force,1,0,0,0,3404,5,99.9,22152.147
567,false,BENIGN,0,1,0,0,1928,5,99.7,21374.041
568,false,BENIGN,0,1,0,0,1922,3,99.8,16579.763
569,true,FTP-Patator,1,0,0,0,230,1,99.6,4846.067
570,false,BENIGN,0,1,0,0,2564,4,99.8,16934.064
571,false,BENIGN,0,1,0,0,2390,6,99.7,32118.802
572,true,FTP-Patator,1,0,0,0,254,2,99.2,9863.348
573,false,BENIGN,0,1,0,0,2018,3,99.9,14891.213
574,true,Brute-Force,1,0,0,0,3404,6,99.8,24980.639
575,false,BENIGN,0,1,0,0,8624,22,99.7,109895.993
576,false,BENIGN,0,1,0,0,8696,24,99.7,102445.197
577,true,FTP-Patator,1,0,0,0,248,1,99.6,4776.842
578,false,BENIGN,0,1,0,0,1922,5,99.7,21359.965
579,false,BENIGN,0,1,0,0,3302,3,99.9,11702.550
580,false,BENIGN,0,1,0,0,1712,4,99.8,21293.812
581,true,FTP-Patator,1,0,0,0,212,1,99.5,4373.616
582,false,BENIGN,0,1,0,0,16850,36,99.8,164027.615
583,false,BENIGN,0,1,0,0,4286,9,99.8,36895.013
584,true,XSS,1,0,0,0,3326,10,99.7,46192.977
585,false,BENIGN,0,1,0,0,6536,9,99.9,45361.384
586,true,XSS,1,0,0,0,3326,8,99.8,36565.127
587,true,Brute-Force,1,0,0,0,3404,5,99.9,29545.104
588,true,XSS,1,0,0,0,3326,10,99.7,47168.185
589,false,BENIGN,0,1,0,0,2030,3,99.9,14951.606
590,true,Brute-Force,1,0,0,0,3404,5,99.9,24169.375
591,false,BENIGN,0,1,0,0,2366,8,99.7,46171.452
592,true,FTP-Patator,1,0,0,0,188,2,98.9,9937.180
593,true,Brute-Force,1,0,0,0,3404,6,99.8,29132.719
594,false,BENIGN,0,1,0,0,1622,6,99.6,30326.343
595,false,BENIGN,0,1,0,0,1592,4,99.7,22926.727
596,true,FTP-Patator,1,0,0,0,260,1,99.6,4859.014
597,false,BENIGN,0,1,0,0,3110,9,99.7,46373.955
598,false,BENIGN,0,1,0,0,2018,2,99.9,7474.208
599,true,XSS,1,0,0,0,3326,8,99.8,37137.295
600,true,XSS,1,0,0,0,3326,10,99.7,46984.350
601,false,BENIGN,0,1,0,0,25364,61,99.8,44385.310
602,true,XSS,1,0,0,0,3326,9,99.7,43002.652
603,false,BENIGN,0,1,0,0,2264,5,99.8,27003.906
604,true,FTP-Patator,1,0,0,0,212,2,99.1,7923.043
605,true,XSS,1,0,0,0,3326,8,99.8,37645.880
606,false,BENIGN,0,1,0,0,26216,44,99.8,38148.726
607,false,BENIGN,0,1,0,0,3482,8,99.8,37126.534
608,false,BENIGN,0,1,0,0,1400,2,99.9,9641.624
609,true,XSS,1,0,0,0,3326,8,99.8,36045.120
610,false,BENIGN,0,1,0,0,3758,11,99.7,50499.726
611,true,FTP-Patator,1,0,0,0,200,1,99.5,4525.512
612,true,FTP-Patator,1,0,0,0,242,1,99.6,4174.298
613,true,FTP-Patator,1,0,0,0,182,1,99.5,4253.452
614,true,FTP-Patator,1,0,0,0,236,1,99.6,4597.155
615,false,BENIGN,0,1,0,0,1544,2,99.9,8431.115
616,false,BENIGN,0,1,0,0,2030,2,99.9,7596.402
617,true,XSS,1,0,0,0,3326,8,99.8,35670.187
618,true,FTP-Patator,1,0,0,0,236,1,99.6,4925.947
619,true,Brute-Force,1,0,0,0,3404,7,99.8,31976.632
620,true,Brute-Force,1,0,0,0,3404,6,99.8,25114.851
621,false,BENIGN,0,1,0,0,1916,2,99.9,9335.478
622,false,BENIGN,0,1,0,0,4064,7,99.8,31857.201
623,true,XSS,1,0,0,0,3326,9,99.7,42023.612
624,false,BENIGN,0,1,0,0,2018,3,99.9,12863.139
625,true,FTP-Patator,1,0,0,0,182,1,99.5,4385.141
626,true,XSS,1,0,0,0,3326,9,99.7,43936.979
627,false,BENIGN,0,1,0,0,3356,6,99.8,26745.219
628,false,BENIGN,0,1,0,0,3728,9,99.8,39412.260
629,true,Brute-Force,1,0,0,0,3404,6,99.8,29671.981
630,false,BENIGN,0,1,0,0,1982,5,99.7,24724.541
631,false,BENIGN,0,1,0,0,2036,6,99.7,28264.724
632,true,FTP-Patator,1,0,0,0,230,2,99.1,9733.222
633,true,XSS,1,0,0,0,3326,9,99.7,44877.980
634,true,Brute-Force,1,0,0,0,3404,7,99.8,36676.415
635,false,BENIGN,0,1,0,0,3236,8,99.8,38987.374
636,true,XSS,1,0,0,0,3326,8,99.8,38600.381
637,false,BENIGN,0,1,0,0,1718,3,99.8,13749.901
638,false,BENIGN,0,1,0,0,2030,4,99.8,17319.092
639,false,BENIGN,0,1,0,0,1784,2,99.9,8318.380
640,true,XSS,1,0,0,0,3326,9,99.7,43213.208
641,true,Brute-Force,1,0,0,0,3404,5,99.9,26993.912
642,true,FTP-Patator,1,0,0,0,182,3,98.4,17461.663
643,true,FTP-Patator,1,0,0,0,248,1,99.6,5150.078
644,false,BENIGN,0,1,0,0,6356,21,99.7,106489.232
645,true,FTP-Patator,1,0,0,0,236,2,99.2,8666.110
646,false,BENIGN,0,1,0,0,5180,12,99.8,55827.214
647,false,BENIGN,0,1,0,0,23414,55,99.8,43619.592
648,true,XSS,1,0,0,0,3326,10,99.7,48409.400
649,true,Brute-Force,1,0,0,0,3404,8,99.8,35265.290
650,true,FTP-Patator,1,0,0,0,182,1,99.5,3928.331
651,false,BENIGN,0,1,0,0,3278,4,99.9,22962.643
652,true,XSS,1,0,0,0,3326,8,99.8,34278.406
653,false,BENIGN,0,1,0,0,4226,10,99.8,54151.103
654,true,XSS,1,0,0,0,3326,8,99.8,40025.995
655,false,BENIGN,0,1,0,0,1466,3,99.8,18409.421
656,true,FTP-Patator,1,0,0,0,230,2,99.1,10434.161
657,false,BENIGN,0,1,0,0,1628,3,99.8,18639.790
658,false,BENIGN,0,1,0,0,5240,15,99.7,73647.900
659,false,BENIGN,0,1,0,0,5648,11,99.8,50011.516
660,true,Brute-Force,1,0,0,0,3404,5,99.9,22247.771
661,false,BENIGN,0,1,0,0,2030,3,99.9,13161.688
662,false,BENIGN,0,1,0,0,2594,5,99.8,19846.873
663,false,BENIGN,0,1,0,0,2018,2,99.9,8447.386
664,true,XSS,1,0,0,0,3326,9,99.7,48237.301
665,false,BENIGN,0,1,0,0,2480,6,99.8,30936.197
666,true,FTP-Patator,1,0,0,0,188,1,99.5,5659.688
667,true,XSS,1,0,0,0,3326,8,99.8,46347.654
668,true,Brute-Force,1,0,0,0,3404,8,99.8,40800.613
669,false,BENIGN,0,1,0,0,5492,14,99.7,75743.947
670,false,BENIGN,0,1,0,0,2030,3,99.9,14737.774
671,false,BENIGN,0,1,0,0,2018,2,99.9,8429.073
672,true,FTP-Patator,1,0,0,0,260,2,99.2,9890.409
673,false,BENIGN,0,1,0,0,26216,55,99.8,46864.514
674,true,FTP-Patator,1,0,0,0,212,1,99.5,4922.893
675,false,BENIGN,0,1,0,0,2336,7,99.7,40914.511
676,false,BENIGN,0,1,0,0,2132,6,99.7,32084.518
677,true,Brute-Force,1,0,0,0,3404,6,99.8,23180.959
678,false,BENIGN,0,1,0,0,1898,4,99.8,19921.446
679,true,Brute-Force,1,0,0,0,3404,5,99.9,23830.232
680,true,Brute-Force,1,0,0,0,3404,5,99.9,26693.747
681,false,BENIGN,0,1,0,0,1700,3,99.8,17159.200
682,false,BENIGN,0,1,0,0,2264,5,99.8,42611.589
683,true,Brute-Force,1,0,0,0,3404,6,99.8,35212.456
684,false,BENIGN,0,1,0,0,1754,2,99.9,11544.400
685,false,BENIGN,0,1,0,0,2018,4,99.8,20792.483
686,true,FTP-Patator,1,0,0,0,224,1,99.6,4391.867
687,false,BENIGN,0,1,0,0,1904,4,99.8,24389.009
688,true,FTP-Patator,1,0,0,0,164,2,98.8,9127.809
689,true,Brute-Force,1,0,0,0,3404,6,99.8,32695.969
690,false,BENIGN,0,1,0,0,2006,4,99.8,19676.391
691,false,BENIGN,0,1,0,0,2054,4,99.8,25016.197
692,true,FTP-Patator,1,0,0,0,230,1,99.6,6046.488
693,false,BENIGN,0,1,0,0,4760,8,99.8,36032.792
694,true,Brute-Force,1,0,0,0,3404,5,99.9,23165.966
695,false,BENIGN,0,1,0,0,4286,4,99.9,17485.267
696,false,BENIGN,0,1,0,0,2510,6,99.8,27209.828
697,false,BENIGN,0,1,0,0,22214,37,99.8,36742.103
698,false,BENIGN,0,1,0,0,8678,16,99.8,82860.466
699,false,BENIGN,0,1,0,0,2594,2,99.9,11198.292
700,false,BENIGN,0,1,0,0,2546,6,99.8,25329.175
701,false,BENIGN,0,1,0,0,23366,50,99.8,42532.288
702,true,XSS,1,0,0,0,3326,8,99.8,37033.774
703,false,BENIGN,0,1,0,0,1892,5,99.7,24550.461
704,false,Brute-Force,0,0,0,1,2222,1,100.0,4446.904
705,false,BENIGN,0,1,0,0,3086,11,99.6,65039.422
706,false,BENIGN,0,1,0,0,2030,2,99.9,10830.572
707,false,BENIGN,0,1,0,0,2030,4,99.8,22104.088
708,true,XSS,1,0,0,0,3326,9,99.7,49014.171
709,false,BENIGN,0,1,0,0,1880,6,99.7,32762.449
710,false,BENIGN,0,1,0,0,8612,20,99.8,99821.434
711,false,BENIGN,0,1,0,0,3284,5,99.8,25458.091
712,false,BENIGN,0,1,0,0,2030,3,99.9,14912.902
713,false,BENIGN,0,1,0,0,1922,4,99.8,17368.643
714,true,FTP-Patator,1,0,0,0,248,2,99.2,9959.178
715,true,FTP-Patator,1,0,0,0,182,1,99.5,4070.929
716,false,BENIGN,0,1,0,0,4736,17,99.6,86031.551
717,false,BENIGN,0,1,0,0,2534,4,99.8,18040.052
718,false,BENIGN,0,1,0,0,21068,42,99.8,37316.716
719,true,XSS,1,0,0,0,3326,8,99.8,39931.302
720,true,FTP-Patator,1,0,0,0,116,2,98.3,10027.331
721,false,BENIGN,0,1,0,0,2264,5,99.8,29025.459
722,true,Brute-Force,1,0,0,0,3404,5,99.9,24971.577
723,true,XSS,1,0,0,0,3326,10,99.7,51300.471
724,true,Brute-Force,1,0,0,0,3404,5,99.9,24504.086
725,false,BENIGN,0,1,0,0,28304,69,99.8,53425.521
726,false,BENIGN,0,1,0,0,1592,4,99.7,23954.202
727,true,Brute-Force,1,0,0,0,3404,7,99.8,36349.825
728,true,FTP-Patator,1,0,0,0,182,2,98.9,8665.846
729,false,BENIGN,0,1,0,0,2570,5,99.8,23260.492
730,true,XSS,1,0,0,0,3326,9,99.7,45780.220
731,true,Brute-Force,1,0,0,0,3404,5,99.9,24360.920
732,false,BENIGN,0,1,0,0,2378,4,99.8,18732.080
733,false,BENIGN,0,1,0,0,8624,20,99.8,107304.440
734,true,XSS,1,0,0,0,3326,8,99.8,40023.117
735,false,BENIGN,0,1,0,0,1688,1,99.9,6630.271
736,true,FTP-Patator,1,0,0,0,230,1,99.6,4545.990
737,false,BENIGN,0,1,0,0,3032,3,99.9,15535.695
738,false,BENIGN,0,1,0,0,2420,5,99.8,28067.412
739,true,FTP-Patator,1,0,0,0,182,1,99.5,4177.675
740,false,BENIGN,0,1,0,0,2018,3,99.9,15326.276
741,false,BENIGN,0,1,0,0,2576,5,99.8,25903.633
742,false,BENIGN,0,1,0,0,1922,4,99.8,19170.305
743,true,XSS,1,0,0,0,3326,8,99.8,39901.643
744,true,Brute-Force,1,0,0,0,3404,8,99.8,35607.448
745,true,FTP-Patator,1,0,0,0,182,1,99.5,4054.167
746,true,XSS,1,0,0,0,3326,8,99.8,40614.130
747,true,XSS,1,0,0,0,3326,8,99.8,37574.912
748,false,BENIGN,0,1,0,0,2708,3,99.9,14789.025
749,true,Brute-Force,1,0,0,0,3404,5,99.9,24868.153
750,true,FTP-Patator,1,0,0,0,200,2,99.0,9859.923
751,true,Brute-Force,1,0,0,0,3404,6,99.8,31358.509
752,true,FTP-Patator,1,0,0,0,242,1,99.6,4972.272
753,false,BENIGN,0,1,0,0,3746,4,99.9,23992.291
754,true,Brute-Force,1,0,0,0,3404,7,99.8,32680.897
755,false,BENIGN,0,1,0,0,8684,15,99.8,77703.853
756,true,FTP-Patator,1,0,0,0,182,1,99.5,3987.327
757,true,XSS,1,0,0,0,3326,8,99.8,45096.586
758,false,BENIGN,0,1,0,0,2030,4,99.8,19971.083
759,false,BENIGN,0,1,0,0,2390,4,99.8,20942.072
760,false,BENIGN,0,1,0,0,2498,6,99.8,28420.303
761,true,FTP-Patator,1,0,0,0,260,1,99.6,4814.911
762,true,XSS,1,0,0,0,3326,10,99.7,50196.063
763,true,FTP-Patator,1,0,0,0,236,1,99.6,4875.623
764,false,BENIGN,0,1,0,0,8624,21,99.8,184420.448
765,true,Brute-Force,1,0,0,0,3404,6,99.8,32957.325
766,false,BENIGN,0,1,0,0,7784,21,99.7,108030.570
767,false,BENIGN,0,1,0,0,2030,3,99.9,14727.324
768,false,BENIGN,0,1,0,0,4550,7,99.8,40394.403
769,true,Brute-Force,1,0,0,0,3404,6,99.8,29724.054
770,true,FTP-Patator,1,0,0,0,236,1,99.6,5010.176
771,false,BENIGN,0,1,0,0,2456,5,99.8,24634.522
772,true,FTP-Patator,1,0,0,0,200,2,99.0,10069.617
773,true,XSS,1,0,0,0,3326,9,99.7,43985.666
774,true,XSS,1,0,0,0,3326,9,99.7,45058.742
775,false,BENIGN,0,1,0,0,2018,3,99.9,14630.654
776,false,BENIGN,0,1,0,0,2504,5,99.8,24573.519
777,true,Brute-Force,1,0,0,0,3404,6,99.8,29117.295
778,true,XSS,1,0,0,0,3326,8,99.8,40080.682
779,true,XSS,1,0,0,0,3326,9,99.7,44482.898
780,false,BENIGN,0,1,0,0,2342,3,99.9,15613.459
781,true,Brute-Force,1,0,0,0,3404,7,99.8,36390.902
782,false,BENIGN,0,1,0,0,4850,16,99.7,83665.752
783,false,BENIGN,0,1,0,0,1898,5,99.7,27861.508
784,false,XSS,0,0,0,1,2126,2,99.9,8732.571
785,false,BENIGN,0,1,0,0,1886,4,99.8,21700.754
786,false,BENIGN,0,1,0,0,2018,2,99.9,6904.242
787,true,Brute-Force,1,0,0,0,3404,5,99.9,20042.024
788,true,Brute-Force,1,0,0,0,3404,7,99.8,23427.654
789,true,XSS,1,0,0,0,3326,10,99.7,17885.466
790,true,FTP-Patator,1,0,0,0,248,1,99.6,4663.912
791,true,FTP-Patator,1,0,0,0,182,2,98.9,10481.010
792,false,BENIGN,0,1,0,0,2030,5,99.8,26384.644
793,true,XSS,1,0,0,0,3326,9,99.7,40027.291
794,true,FTP-Patator,1,0,0,0,182,1,99.5,4109.548
795,false,BENIGN,0,1,0,0,2690,9,99.7,41073.188
796,true,FTP-Patator,1,0,0,0,194,2,99.0,9771.187
797,false,BENIGN,0,1,0,0,1592,4,99.7,21524.661
798,true,XSS,1,0,0,0,3326,8,99.8,49727.473
799,false,BENIGN,0,1,0,0,1382,2,99.9,8278.814
800,true,XSS,1,0,0,0,3326,8,99.8,40092.294
801,true,FTP-Patator,1,0,0,0,242,2,99.2,9850.500
802,true,Brute-Force,1,0,0,0,3404,5,99.9,24858.064
803,false,BENIGN,0,1,0,0,3506,7,99.8,40329.088
804,true,XSS,1,0,0,0,3326,8,99.8,40920.054
805,true,FTP-Patator,1,0,0,0,218,2,99.1,9947.238
806,false,BENIGN,0,1,0,0,3746,8,99.8,35103.879
807,false,BENIGN,0,1,0,0,2480,7,99.7,33212.965
808,true,FTP-Patator,1,0,0,0,182,1,99.5,4110.823
809,false,BENIGN,0,1,0,0,2582,5,99.8,25940.522
810,false,BENIGN,0,1,0,0,2030,2,99.9,8316.581
811,true,XSS,1,0,0,0,3326,8,99.8,41546.042
812,true,XSS,1,0,0,0,3326,8,99.8,40169.910
813,false,BENIGN,0,1,0,0,2018,3,99.9,15360.208
814,true,XSS,1,0,0,0,3326,8,99.8,43781.768
815,false,BENIGN,0,1,0,0,2558,9,99.6,48239.689
816,true,Brute-Force,1,0,0,0,3404,6,99.8,29350.523
817,true,FTP-Patator,1,0,0,0,236,1,99.6,5023.972
818,true,XSS,1,0,0,0,3326,8,99.8,40136.859
819,false,BENIGN,0,1,0,0,17372,38,99.8,201765.224
820,true,Brute-Force,1,0,0,0,3404,8,99.8,39090.161
821,false,BENIGN,0,1,0,0,2618,5,99.8,26643.608
822,false,BENIGN,0,1,0,0,2576,5,99.8,21925.729
823,false,BENIGN,0,1,0,0,1844,5,99.7,25440.455
824,false,BENIGN,0,1,0,0,3560,6,99.8,31260.004
825,true,Brute-Force,1,0,0,0,3404,6,99.8,35869.631
826,true,Brute-Force,1,0,0,0,3404,6,99.8,28201.382
827,false,XSS,0,0,0,1,1874,1,99.9,4221.162
828,true,XSS,1,0,0,0,3326,9,99.7,44690.358
829,false,BENIGN,0,1,0,0,1958,5,99.7,20055.050
830,false,BENIGN,0,1,0,0,4028,6,99.9,26033.979
831,false,BENIGN,0,1,0,0,3812,9,99.8,36764.850
832,true,Brute-Force,1,0,0,0,3404,7,99.8,21414.167
833,true,Brute-Force,1,0,0,0,3404,6,99.8,32028.037
834,true,XSS,1,0,0,0,3326,9,99.7,39854.890
835,true,XSS,1,0,0,0,3326,9,99.7,45363.894
836,true,XSS,1,0,0,0,3326,8,99.8,38717.951
837,true,FTP-Patator,1,0,0,0,182,2,98.9,8278.984
838,true,XSS,1,0,0,0,3326,8,99.8,39423.567
839,false,BENIGN,0,1,0,0,1154,2,99.8,11565.086
840,false,BENIGN,0,1,0,0,2018,3,99.9,15609.132
841,false,BENIGN,0,1,0,0,1628,4,99.8,19656.354
842,false,BENIGN,0,1,0,0,3494,4,99.9,19013.686
843,false,BENIGN,0,1,0,0,2528,4,99.8,17250.895
844,true,Brute-Force,1,0,0,0,3404,6,99.8,27181.267
845,false,FTP-Patator,0,0,0,1,3,0,100.0,1.364
846,false,BENIGN,0,1,0,0,22022,40,99.8,36222.793
847,false,BENIGN,0,1,0,0,19706,33,99.8,29804.628
848,true,XSS,1,0,0,0,3326,9,99.7,38200.280
849,false,BENIGN,0,1,0,0,4280,13,99.7,60106.634
850,true,Brute-Force,1,0,0,0,3404,5,99.9,22859.731
851,true,XSS,1,0,0,0,3326,10,99.7,46592.496
852,false,BENIGN,0,1,0,0,26216,53,99.8,43284.453
853,false,BENIGN,0,1,0,0,1742,5,99.7,22826.151
854,true,Brute-Force,1,0,0,0,3404,9,99.7,43457.791
855,true,FTP-Patator,1,0,0,0,236,1,99.6,4646.082
856,true,FTP-Patator,1,0,0,0,212,1,99.5,4800.871
857,false,BENIGN,0,1,0,0,1178,1,99.9,6370.101
858,true,XSS,1,0,0,0,3326,9,99.7,43055.866
859,false,BENIGN,0,1,0,0,2540,4,99.8,16445.911
860,true,Brute-Force,1,0,0,0,3404,6,99.8,25126.702
861,false,BENIGN,0,1,0,0,2018,4,99.8,19927.423
862,true,FTP-Patator,1,0,0,0,182,1,99.5,3482.100
863,false,BENIGN,0,1,0,0,4196,6,99.9,25720.221
864,true,XSS,1,0,0,0,3326,8,99.8,36916.426
865,true,Brute-Force,1,0,0,0,3404,5,99.9,20205.243
866,true,XSS,1,0,0,0,3326,8,99.8,35265.703
867,true,XSS,1,0,0,0,3326,8,99.8,36531.460
868,false,BENIGN,0,1,0,0,3020,5,99.8,23360.329
869,false,BENIGN,0,1,0,0,3194,7,99.8,32630.763
870,true,Brute-Force,1,0,0,0,3404,7,99.8,30899.928
871,false,BENIGN,0,1,0,0,3458,6,99.8,29197.276
872,true,XSS,1,0,0,0,3326,8,99.8,39924.313
873,true,Brute-Force,1,0,0,0,3404,8,99.8,40460.917
874,false,BENIGN,0,1,0,0,1892,1,99.9,4465.097
875,false,BENIGN,0,1,0,0,3554,7,99.8,33332.240
876,true,FTP-Patator,1,0,0,0,182,2,98.9,7911.086
877,false,BENIGN,0,1,0,0,2582,9,99.7,46929.090
878,false,BENIGN,0,1,0,0,1508,2,99.9,11062.181
879,true,FTP-Patator,1,0,0,0,218,2,99.1,9292.000
880,true,XSS,1,0,0,0,3326,10,99.7,48493.532
881,true,FTP-Patator,1,0,0,0,218,1,99.5,4648.082
882,false,BENIGN,0,1,0,0,2612,5,99.8,25562.221
883,true,Brute-Force,1,0,0,0,3404,6,99.8,31196.258
884,true,FTP-Patator,1,0,0,0,248,1,99.6,5109.544
885,true,XSS,1,0,0,0,3326,8,99.8,38895.228
886,false,BENIGN,0,1,0,0,5852,7,99.9,33414.597
887,true,FTP-Patator,1,0,0,0,92,1,98.9,4375.084
888,false,BENIGN,0,1,0,0,9332,13,99.9,67463.520
889,true,Brute-Force,1,0,0,0,3404,5,99.9,23033.975
890,true,FTP-Patator,1,0,0,0,182,1,99.5,4095.606
891,false,BENIGN,0,1,0,0,2372,5,99.8,25739.231
892,true,Brute-Force,1,0,0,0,3404,6,99.8,31248.651
893,false,BENIGN,0,1,0,0,2006,3,99.9,11916.811
894,false,BENIGN,0,1,0,0,2576,5,99.8,26943.474
895,false,BENIGN,0,1,0,0,1784,6,99.7,28568.114
896,true,FTP-Patator,1,0,0,0,146,1,99.3,5449.406
897,true,FTP-Patator,1,0,0,0,248,1,99.6,6550.754
898,true,XSS,1,0,0,0,3326,8,99.8,46649.126
899,false,BENIGN,0,1,0,0,8612,12,99.9,59427.919
900,false,BENIGN,0,1,0,0,1358,2,99.9,10290.501
901,true,Brute-Force,1,0,0,0,3404,6,99.8,28543.752
902,true,FTP-Patator,1,0,0,0,200,1,99.5,4605.785
903,false,BENIGN,0,1,0,0,2120,6,99.7,28601.303
904,true,Brute-Force,1,0,0,0,3404,6,99.8,27875.388
905,true,Brute-Force,1,0,0,0,3404,6,99.8,26407.195
906,true,FTP-Patator,1,0,0,0,254,1,99.6,4877.861
907,false,BENIGN,0,1,0,0,1790,6,99.7,27410.236
908,false,BENIGN,0,1,0,0,1520,2,99.9,12396.979
909,false,BENIGN,0,1,0,0,1718,3,99.8,20456.494
910,true,XSS,1,0,0,0,3326,9,99.7,38161.795
911,false,BENIGN,0,1,0,0,2570,6,99.8,26744.895
912,false,BENIGN,0,1,0,0,16556,37,99.8,181406.255
913,true,XSS,1,0,0,0,3326,9,99.7,40391.044
914,false,XSS,0,0,0,1,1970,1,99.9,3860.049
915,true,Brute-Force,1,0,0,0,3404,6,99.8,27283.143
916,true,FTP-Patator,1,0,0,0,236,1,99.6,5935.376
917,true,XSS,1,0,0,0,3326,9,99.7,43447.259
918,true,XSS,1,0,0,0,3326,9,99.7,41107.537
919,false,BENIGN,0,1,0,0,1268,5,99.6,26589.506
920,false,BENIGN,0,1,0,0,2030,3,99.9,12630.558
921,false,BENIGN,0,1,0,0,2030,4,99.8,20703.496
922,true,FTP-Patator,1,0,0,0,9,1,88.9,4055.649
923,false,BENIGN,0,1,0,0,11792,20,99.8,95391.826
924,true,XSS,1,0,0,0,3326,8,99.8,37257.225
925,false,BENIGN,0,1,0,0,2330,3,99.9,15065.299
926,true,XSS,1,0,0,0,3326,8,99.8,37934.785
927,false,BENIGN,0,1,0,0,1922,4,99.8,23100.189
928,true,FTP-Patator,1,0,0,0,236,1,99.6,4761.421
929,true,Brute-Force,1,0,0,0,3404,8,99.8,43583.028
930,false,BENIGN,0,1,0,0,2528,4,99.8,17171.130
931,true,Brute-Force,1,0,0,0,3404,6,99.8,30936.524
932,true,FTP-Patator,1,0,0,0,236,2,99.2,9620.145
933,false,BENIGN,0,1,0,0,8696,14,99.8,71297.853
934,true,FTP-Patator,1,0,0,0,200,1,99.5,4931.640
935,false,BENIGN,0,1,0,0,1796,2,99.9,10424.459
936,false,BENIGN,0,1,0,0,2546,5,99.8,23010.420
937,false,BENIGN,0,1,0,0,2006,2,99.9,7530.837
938,true,XSS,1,0,0,0,3326,8,99.8,35085.245
939,false,BENIGN,0,1,0,0,16796,33,99.8,160578.393
940,false,BENIGN,0,1,0,0,2498,6,99.8,23500.275
941,true,XSS,1,0,0,0,3326,8,99.8,36836.808
942,false,BENIGN,0,1,0,0,2030,4,99.8,18419.689
943,true,XSS,1,0,0,0,3326,8,99.8,35344.973
944,true,Brute-Force,1,0,0,0,3404,6,99.8,32020.811
945,true,FTP-Patator,1,0,0,0,182,1,99.5,4173.085
946,false,BENIGN,0,1,0,0,2018,2,99.9,8328.361
947,true,FTP-Patator,1,0,0,0,170,1,99.4,4815.540
948,false,BENIGN,0,1,0,0,2030,3,99.9,14472.717
949,true,Brute-Force,1,0,0,0,3404,7,99.8,33836.226
950,true,Brute-Force,1,0,0,0,3404,5,99.9,30099.955
951,true,XSS,1,0,0,0,3326,9,99.7,45037.692
952,true,Brute-Force,1,0,0,0,3404,6,99.8,29401.657
953,false,BENIGN,0,1,0,0,1712,3,99.8,17288.022
954,false,BENIGN,0,1,0,0,2456,4,99.8,16482.076
955,true,XSS,1,0,0,0,3326,8,99.8,37651.579
956,false,BENIGN,0,1,0,0,3026,3,99.9,15347.450
957,false,BENIGN,0,1,0,0,2618,7,99.7,35435.256
958,true,XSS,1,0,0,0,3326,8,99.8,37148.623
959,false,BENIGN,0,1,0,0,4406,7,99.8,30785.608
960,true,Brute-Force,1,0,0,0,3404,5,99.9,26680.211
961,true,Brute-Force,1,0,0,0,3404,6,99.8,29291.815
962,false,BENIGN,0,1,0,0,3842,9,99.8,42600.879
963,true,XSS,1,0,0,0,3326,8,99.8,47408.962
964,false,BENIGN,0,1,0,0,22610,44,99.8,37422.439
965,true,XSS,1,0,0,0,3326,9,99.7,44053.465
966,true,XSS,1,0,0,0,3326,9,99.7,45741.128
967,true,FTP-Patator,1,0,0,0,182,1,99.5,3929.383
968,false,BENIGN,0,1,0,0,1166,4,99.7,25242.403
969,false,BENIGN,0,1,0,0,1796,1,99.9,4792.130
970,true,FTP-Patator,1,0,0,0,224,1,99.6,4741.752
971,false,BENIGN,0,1,0,0,2030,3,99.9,14080.639
972,true,Brute-Force,1,0,0,0,3404,7,99.8,34953.267
973,false,BENIGN,0,1,0,0,7364,21,99.7,110224.520
974,false,BENIGN,0,1,0,0,1346,4,99.7,21180.443
975,false,BENIGN,0,1,0,0,2630,5,99.8,24770.589
976,true,FTP-Patator,1,0,0,0,230,2,99.1,9062.783
977,false,BENIGN,0,1,0,0,2510,5,99.8,23242.543
978,false,BENIGN,0,1,0,0,1328,2,99.8,9453.565
979,false,BENIGN,0,1,0,0,5888,13,99.8,63592.271
980,false,BENIGN,0,1,0,0,1280,3,99.8,12469.081
981,false,BENIGN,0,1,0,0,2030,2,99.9,8015.355
982,false,BENIGN,0,1,0,0,2336,5,99.8,26745.585
983,true,Brute-Force,1,0,0,0,3404,7,99.8,29851.521
984,false,BENIGN,0,1,0,0,2462,5,99.8,21910.624
985,true,FTP-Patator,1,0,0,0,242,1,99.6,3797.745
986,true,Brute-Force,1,0,0,0,3404,5,99.9,20146.087
987,false,BENIGN,0,1,0,0,1832,5,99.7,23218.728
988,true,Brute-Force,1,0,0,0,3404,6,99.8,28610.688
989,false,BENIGN,0,1,0,0,2018,4,99.8,17737.153
990,true,XSS,1,0,0,0,3326,9,99.7,41523.727
991,false,BENIGN,0,1,0,0,2030,5,99.8,21835.860
992,true,FTP-Patator,1,0,0,0,224,1,99.6,3940.128
993,false,BENIGN,0,1,0,0,1718,4,99.8,15943.270
994,true,FTP-Patator,1,0,0,0,188,1,99.5,3910.894
995,true,XSS,1,0,0,0,3326,10,99.7,53403.721
996,true,XSS,1,0,0,0,3326,9,99.7,41923.661
997,true,XSS,1,0,0,0,3326,10,99.7,46677.149
998,true,XSS,1,0,0,0,3326,9,99.7,45583.954
999,true,Brute-Force,1,0,0,0,3404,7,99.8,32528.780
1000,false,BENIGN,0,1,0,0,1628,3,99.8,19623.910
1001,true,XSS,1,0,0,0,3146,6,99.8,30251.781
1002,false,BENIGN,0,1,0,0,2546,4,99.8,18635.982
1003,true,Brute-Force,1,0,0,0,3404,5,99.9,22807.862
1004,false,BENIGN,0,1,0,0,2030,2,99.9,8528.097
1005,true,XSS,1,0,0,0,3326,9,99.7,42922.062
1006,true,FTP-Patator,1,0,0,0,230,1,99.6,4617.821
1007,true,XSS,1,0,0,0,3326,9,99.7,42289.329
1008,true,Brute-Force,1,0,0,0,3404,6,99.8,28544.510
1009,false,BENIGN,0,1,0,0,2816,4,99.9,19986.489
1010,false,BENIGN,0,1,0,0,2552,7,99.7,34414.366
1011,false,BENIGN,0,1,0,0,8624,19,99.8,113769.160
1012,false,BENIGN,0,1,0,0,3356,4,99.9,18767.689
1013,false,BENIGN,0,1,0,0,5666,2,100.0,8404.514
1014,true,Brute-Force,1,0,0,0,3404,7,99.8,41001.533
1015,false,BENIGN,0,1,0,0,2030,4,99.8,16947.324
1016,true,FTP-Patator,1,0,0,0,182,1,99.5,4094.611
1017,true,FTP-Patator,1,0,0,0,212,1,99.5,5393.470
1018,true,FTP-Patator,1,0,0,0,218,1,99.5,5192.550
1019,false,BENIGN,0,1,0,0,1352,4,99.7,22218.533
1020,false,BENIGN,0,1,0,0,1802,3,99.8,12960.287
1021,true,Brute-Force,1,0,0,0,3404,5,99.9,24523.952
1022,false,BENIGN,0,1,0,0,3356,4,99.9,16718.369
1023,false,BENIGN,0,1,0,0,2030,2,99.9,8180.211
1024,true,XSS,1,0,0,0,3146,6,99.8,27057.280
1025,true,Brute-Force,1,0,0,0,3404,6,99.8,30456.017
1026,false,BENIGN,0,1,0,0,1922,3,99.8,16581.349
1027,true,XSS,1,0,0,0,3326,8,99.8,39420.163
1028,false,BENIGN,0,1,0,0,2030,3,99.9,12584.307
1029,true,XSS,1,0,0,0,3326,9,99.7,50978.390
1030,true,FTP-Patator,1,0,0,0,182,1,99.5,3678.508
1031,false,BENIGN,0,1,0,0,2030,3,99.9,14744.734
1032,false,BENIGN,0,1,0,0,3284,3,99.9,14578.093
1033,false,BENIGN,0,1,0,0,1550,4,99.7,27062.822
1034,true,XSS,1,0,0,0,3326,8,99.8,41493.211
1035,true,FTP-Patator,1,0,0,0,248,2,99.2,8234.758
1036,false,BENIGN,0,1,0,0,2312,7,99.7,36434.242
1037,false,BENIGN,0,1,0,0,2516,5,99.8,21622.661
1038,false,BENIGN,0,1,0,0,3596,11,99.7,60868.359
1039,false,BENIGN,0,1,0,0,2144,4,99.8,22623.274
1040,false,FTP-Patator,0,0,0,1,0,0,100.0,0.012
1041,true,Brute-Force,1,0,0,0,3404,6,99.8,26951.958
1042,true,FTP-Patator,1,0,0,0,182,2,98.9,7691.478
1043,true,Brute-Force,1,0,0,0,3404,5,99.9,23185.552
1044,true,XSS,1,0,0,0,3326,9,99.7,42678.619
1045,true,Brute-Force,1,0,0,0,3404,8,99.8,37677.129
1046,true,FTP-Patator,1,0,0,0,182,1,99.5,4030.190
1047,true,XSS,1,0,0,0,3326,9,99.7,41122.756
1048,true,XSS,1,0,0,0,3326,9,99.7,43176.570
1049,true,XSS,1,0,0,0,3326,8,99.8,36702.440
1050,false,Brute-Force,0,0,0,1,2222,1,100.0,4058.101
1051,true,FTP-Patator,1,0,0,0,248,2,99.2,9068.351
1052,false,BENIGN,0,1,0,0,2624,4,99.8,16130.152
1053,false,BENIGN,0,1,0,0,2570,6,99.8,27783.488
1054,false,BENIGN,0,1,0,0,1658,4,99.8,16899.266
1055,false,BENIGN,0,1,0,0,3104,8,99.7,37928.690
1056,false,BENIGN,0,1,0,0,2522,8,99.7,33916.032
1057,false,BENIGN,0,1,0,0,34820,76,99.8,60974.480
1058,true,XSS,1,0,0,0,3326,8,99.8,36571.619
1059,false,BENIGN,0,1,0,0,2588,6,99.8,27824.581
1060,true,Brute-Force,1,0,0,0,3404,6,99.8,26539.546
1061,true,XSS,1,0,0,0,3326,8,99.8,35847.812
1062,true,FTP-Patator,1,0,0,0,182,2,98.9,7594.257
1063,false,BENIGN,0,1,0,0,3962,4,99.9,16361.516
1064,true,Brute-Force,1,0,0,0,3404,7,99.8,28339.429
1065,true,Brute-Force,1,0,0,0,3404,6,99.8,25792.221
1066,true,FTP-Patator,1,0,0,0,182,1,99.5,6900.451
1067,true,FTP-Patator,1,0,0,0,182,1,99.5,4858.300
1068,false,BENIGN,0,1,0,0,2366,5,99.8,22997.478
1069,false,BENIGN,0,1,0,0,1544,4,99.7,23657.476
1070,true,FTP-Patator,1,0,0,0,200,1,99.5,5384.938
1071,true,Brute-Force,1,0,0,0,3404,7,99.8,34757.289
1072,false,BENIGN,0,1,0,0,8696,11,99.9,55892.005
1073,true,XSS,1,0,0,0,3326,9,99.7,42474.180
1074,true,FTP-Patator,1,0,0,0,170,2,98.8,11109.193
1075,true,XSS,1,0,0,0,3326,8,99.8,37343.875
1076,false,BENIGN,0,1,0,0,2018,2,99.9,7719.112
1077,false,BENIGN,0,1,0,0,1454,3,99.8,15427.857
1078,false,BENIGN,0,1,0,0,3224,10,99.7,55570.094
1079,false,BENIGN,0,1,0,0,1334,0,100.0,64.843
1080,false,BENIGN,0,1,0,0,3086,3,99.9,15902.680
1081,true,FTP-Patator,1,0,0,0,242,1,99.6,4781.772
1082,true,Brute-Force,1,0,0,0,3404,6,99.8,29828.714
1083,false,BENIGN,0,1,0,0,4628,9,99.8,63946.370
1084,true,Brute-Force,1,0,0,0,3404,6,99.8,31532.304
1085,false,BENIGN,0,1,0,0,2264,5,99.8,26199.152
1086,true,FTP-Patator,1,0,0,0,206,2,99.0,9467.837
1087,true,FTP-Patator,1,0,0,0,248,2,99.2,9670.088
1088,false,BENIGN,0,1,0,0,1598,2,99.9,8397.442
1089,true,Brute-Force,1,0,0,0,3404,6,99.8,30442.796
1090,true,FTP-Patator,1,0,0,0,146,1,99.3,5145.208
1091,false,BENIGN,0,1,0,0,2534,5,99.8,23618.034
1092,true,Brute-Force,1,0,0,0,3404,5,99.9,24070.304
1093,false,BENIGN,0,1,0,0,3344,8,99.8,39308.711
1094,true,XSS,1,0,0,0,3326,8,99.8,37675.975
1095,false,BENIGN,0,1,0,0,2192,9,99.6,41459.698
1096,true,XSS,1,0,0,0,3326,8,99.8,35244.212
1097,true,Brute-Force,1,0,0,0,3404,7,99.8,40668.088
1098,false,BENIGN,0,1,0,0,2030,3,99.9,14267.965
1099,false,BENIGN,0,1,0,0,1118,1,99.9,6350.965
1100,false,BENIGN,0,1,0,0,3974,4,99.9,18910.258
1101,false,BENIGN,0,1,0,0,2018,2,99.9,8314.679
1102,true,XSS,1,0,0,0,3326,8,99.8,37650.224
1103,true,XSS,1,0,0,0,3326,8,99.8,33438.801
1104,true,XSS,1,0,0,0,3326,8,99.8,37756.046
1105,false,BENIGN,0,1,0,0,34904,83,99.8,64255.350
1106,true,Brute-Force,1,0,0,0,3404,7,99.8,34314.964
1107,false,BENIGN,0,1,0,0,3878,4,99.9,22616.182
1108,true,XSS,1,0,0,0,3326,8,99.8,39963.547
1109,true,Brute-Force,1,0,0,0,3404,7,99.8,33463.078
